d,s,noise,rep,seed,notears_edges,exact_edges,greedy_edges,false_positive_removals,true_positive_removals,candidate_max_indegree,greedy_bic_gap,greedy_suboptimal,exact_greedy_jaccard
10,2,normal,0,1032123,18,18,18,0,0,4,0.0,False,1.0
10,2,normal,1,1032124,17,17,17,0,0,5,0.0,False,1.0
10,2,normal,2,1032125,19,19,19,0,0,4,0.0,False,1.0
10,2,normal,3,1032126,19,19,19,0,0,7,0.0,False,1.0
10,2,normal,4,1032127,20,20,20,0,0,5,0.0,False,1.0
10,2,normal,5,1032128,18,18,18,0,0,7,0.0,False,1.0
10,2,normal,6,1032129,17,17,17,0,0,3,0.0,False,1.0
10,2,normal,7,1032130,19,19,19,0,0,4,0.0,False,1.0
10,2,normal,8,1032131,20,20,20,0,0,4,0.0,False,1.0
10,2,normal,9,1032132,20,19,19,1,0,6,0.0,False,1.0
10,2,normal,10,1032133,18,18,18,0,0,5,0.0,False,1.0
10,2,normal,11,1032134,15,14,14,0,1,4,0.0,False,1.0
10,2,normal,12,1032135,15,15,15,0,0,4,0.0,False,1.0
10,2,normal,13,1032136,19,19,19,0,0,6,0.0,False,1.0
10,2,normal,14,1032137,20,20,20,0,0,4,0.0,False,1.0
10,2,normal,15,1032138,16,16,16,0,0,3,0.0,False,1.0
10,2,normal,16,1032139,20,20,20,0,0,5,0.0,False,1.0
10,2,normal,17,1032140,19,19,19,0,0,4,0.0,False,1.0
10,2,normal,18,1032141,19,19,19,0,0,4,0.0,False,1.0
10,2,normal,19,1032142,20,20,20,0,0,4,0.0,False,1.0
10,2,exponential,0,1032133,18,18,18,0,0,5,0.0,False,1.0
10,2,exponential,1,1032134,19,19,19,0,0,6,0.0,False,1.0
10,2,exponential,2,1032135,15,15,15,0,0,4,0.0,False,1.0
10,2,exponential,3,1032136,19,19,19,0,0,6,0.0,False,1.0
10,2,exponential,4,1032137,19,19,19,0,0,3,0.0,False,1.0
10,2,exponential,5,1032138,18,18,18,0,0,4,0.0,False,1.0
10,2,exponential,6,1032139,19,19,19,0,0,4,0.0,False,1.0
10,2,exponential,7,1032140,18,18,18,0,0,4,0.0,False,1.0
10,2,exponential,8,1032141,18,18,18,0,0,4,0.0,False,1.0
10,2,exponential,9,1032142,20,20,20,0,0,4,0.0,False,1.0
10,2,exponential,10,1032143,20,20,20,0,0,5,0.0,False,1.0
10,2,exponential,11,1032144,20,20,20,0,0,5,0.0,False,1.0
10,2,exponential,12,1032145,17,17,17,0,0,4,0.0,False,1.0
10,2,exponential,13,1032146,17,17,17,0,0,4,0.0,False,1.0
10,2,exponential,14,1032147,20,20,20,0,0,6,0.0,False,1.0
10,2,exponential,15,1032148,21,20,20,1,0,6,0.0,False,1.0
10,2,exponential,16,1032149,18,18,18,0,0,6,0.0,False,1.0
10,2,exponential,17,1032150,18,18,18,0,0,4,0.0,False,1.0
10,2,exponential,18,1032151,16,16,16,0,0,6,0.0,False,1.0
10,2,exponential,19,1032152,20,20,20,0,0,6,0.0,False,1.0
10,2,gumbel,0,1032143,20,20,20,0,0,5,0.0,False,1.0
10,2,gumbel,1,1032144,20,20,20,0,0,5,0.0,False,1.0
10,2,gumbel,2,1032145,17,17,17,0,0,4,0.0,False,1.0
10,2,gumbel,3,1032146,17,17,17,0,0,4,0.0,False,1.0
10,2,gumbel,4,1032147,20,20,20,0,0,6,0.0,False,1.0
10,2,gumbel,5,1032148,21,20,20,1,0,6,0.0,False,1.0
10,2,gumbel,6,1032149,18,18,18,0,0,6,0.0,False,1.0
10,2,gumbel,7,1032150,17,17,17,0,0,4,0.0,False,1.0
10,2,gumbel,8,1032151,16,16,16,0,0,6,0.0,False,1.0
10,2,gumbel,9,1032152,20,20,20,0,0,6,0.0,False,1.0
10,2,gumbel,10,1032153,18,18,18,0,0,4,0.0,False,1.0
10,2,gumbel,11,1032154,17,17,17,0,0,6,0.0,False,1.0
10,2,gumbel,12,1032155,18,17,17,1,0,6,0.0,False,1.0
10,2,gumbel,13,1032156,19,19,19,0,0,4,0.0,False,1.0
10,2,gumbel,14,1032157,20,20,20,0,0,4,0.0,False,1.0
10,2,gumbel,15,1032158,20,20,20,0,0,5,0.0,False,1.0
10,2,gumbel,16,1032159,21,21,21,0,0,5,0.0,False,1.0
10,2,gumbel,17,1032160,17,17,17,0,0,5,0.0,False,1.0
10,2,gumbel,18,1032161,13,13,13,0,0,3,0.0,False,1.0
10,2,gumbel,19,1032162,21,20,20,1,0,5,0.0,False,1.0
10,5,normal,0,1062123,21,18,18,3,0,5,0.0,False,1.0
10,5,normal,1,1062124,16,15,15,0,1,3,0.0,False,1.0
10,5,normal,2,1062125,21,20,20,1,0,3,0.0,False,1.0
10,5,normal,3,1062126,18,17,17,1,0,4,0.0,False,1.0
10,5,normal,4,1062127,16,16,16,0,0,5,0.0,False,1.0
10,5,normal,5,1062128,20,19,19,1,0,4,0.0,False,1.0
10,5,normal,6,1062129,19,18,18,1,0,4,0.0,False,1.0
10,5,normal,7,1062130,27,20,20,7,0,5,0.0,False,1.0
10,5,normal,8,1062131,18,17,17,1,0,7,0.0,False,1.0
10,5,normal,9,1062132,17,17,17,0,0,4,0.0,False,1.0
10,5,normal,10,1062133,20,19,19,1,0,6,0.0,False,1.0
10,5,normal,11,1062134,19,17,17,2,0,5,0.0,False,1.0
10,5,normal,12,1062135,16,15,15,1,0,5,0.0,False,1.0
10,5,normal,13,1062136,16,16,16,0,0,5,0.0,False,1.0
10,5,normal,14,1062137,20,17,17,2,1,4,0.0,False,1.0
10,5,normal,15,1062138,21,19,19,2,0,6,0.0,False,1.0
10,5,normal,16,1062139,16,13,13,3,0,4,0.0,False,1.0
10,5,normal,17,1062140,20,20,20,0,0,5,0.0,False,1.0
10,5,normal,18,1062141,20,18,18,2,0,6,0.0,False,1.0
10,5,normal,19,1062142,19,18,18,1,0,4,0.0,False,1.0
10,5,exponential,0,1062133,20,19,19,1,0,6,0.0,False,1.0
10,5,exponential,1,1062134,18,17,17,1,0,4,0.0,False,1.0
10,5,exponential,2,1062135,16,15,15,1,0,5,0.0,False,1.0
10,5,exponential,3,1062136,17,16,16,1,0,6,0.0,False,1.0
10,5,exponential,4,1062137,19,17,17,1,1,4,0.0,False,1.0
10,5,exponential,5,1062138,19,18,18,1,0,6,0.0,False,1.0
10,5,exponential,6,1062139,15,13,13,2,0,4,0.0,False,1.0
10,5,exponential,7,1062140,20,20,20,0,0,5,0.0,False,1.0
10,5,exponential,8,1062141,20,18,18,2,0,6,0.0,False,1.0
10,5,exponential,9,1062142,18,18,18,0,0,3,0.0,False,1.0
10,5,exponential,10,1062143,15,14,14,1,0,5,0.0,False,1.0
10,5,exponential,11,1062144,18,17,17,1,0,5,0.0,False,1.0
10,5,exponential,12,1062145,26,19,19,7,0,8,0.0,False,1.0
10,5,exponential,13,1062146,23,20,20,3,0,6,0.0,False,1.0
10,5,exponential,14,1062147,20,20,20,0,0,5,0.0,False,1.0
10,5,exponential,15,1062148,28,19,19,9,0,6,0.0,False,1.0
10,5,exponential,16,1062149,17,16,16,1,0,4,0.0,False,1.0
10,5,exponential,17,1062150,23,19,19,4,0,6,0.0,False,1.0
10,5,exponential,18,1062151,15,14,14,1,0,4,0.0,False,1.0
10,5,exponential,19,1062152,18,18,18,0,0,4,0.0,False,1.0
10,5,gumbel,0,1062143,16,15,15,1,0,5,0.0,False,1.0
10,5,gumbel,1,1062144,18,17,17,1,0,5,0.0,False,1.0
10,5,gumbel,2,1062145,26,19,19,7,0,8,0.0,False,1.0
10,5,gumbel,3,1062146,22,19,19,3,0,6,0.0,False,1.0
10,5,gumbel,4,1062147,20,20,20,0,0,5,0.0,False,1.0
10,5,gumbel,5,1062148,27,19,19,8,0,7,0.0,False,1.0
10,5,gumbel,6,1062149,17,16,16,1,0,3,0.0,False,1.0
10,5,gumbel,7,1062150,26,17,17,8,1,5,0.0,False,1.0
10,5,gumbel,8,1062151,18,16,16,2,0,4,0.0,False,1.0
10,5,gumbel,9,1062152,17,16,16,1,0,4,0.0,False,1.0
10,5,gumbel,10,1062153,26,21,21,5,0,6,0.0,False,1.0
10,5,gumbel,11,1062154,24,22,22,2,0,6,0.0,False,1.0
10,5,gumbel,12,1062155,21,19,19,2,0,5,0.0,False,1.0
10,5,gumbel,13,1062156,18,16,16,2,0,4,0.0,False,1.0
10,5,gumbel,14,1062157,20,20,20,0,0,5,0.0,False,1.0
10,5,gumbel,15,1062158,19,14,14,5,0,4,0.0,False,1.0
10,5,gumbel,16,1062159,23,20,20,3,0,4,0.0,False,1.0
10,5,gumbel,17,1062160,22,20,20,2,0,6,0.0,False,1.0
10,5,gumbel,18,1062161,17,16,16,1,0,4,0.0,False,1.0
10,5,gumbel,19,1062162,18,18,18,0,0,7,0.0,False,1.0
20,2,normal,0,2032123,38,38,38,0,0,6,0.0,False,1.0
20,2,normal,1,2032124,39,39,39,0,0,5,0.0,False,1.0
20,2,normal,2,2032125,37,37,37,0,0,6,0.0,False,1.0
20,2,normal,3,2032126,38,38,38,0,0,6,0.0,False,1.0
20,2,normal,4,2032127,39,39,39,0,0,7,0.0,False,1.0
20,2,normal,5,2032128,39,39,39,0,0,5,0.0,False,1.0
20,2,normal,6,2032129,39,39,39,0,0,7,0.0,False,1.0
20,2,normal,7,2032130,39,39,39,0,0,5,0.0,False,1.0
20,2,normal,8,2032131,40,40,40,0,0,6,0.0,False,1.0
20,2,normal,9,2032132,38,38,38,0,0,5,0.0,False,1.0
20,2,normal,10,2032133,35,35,35,0,0,5,0.0,False,1.0
20,2,normal,11,2032134,39,39,39,0,0,6,0.0,False,1.0
20,2,normal,12,2032135,39,39,39,0,0,6,0.0,False,1.0
20,2,normal,13,2032136,39,39,39,0,0,6,0.0,False,1.0
20,2,normal,14,2032137,38,34,34,4,0,5,0.0,False,1.0
20,2,normal,15,2032138,40,40,40,0,0,7,0.0,False,1.0
20,2,normal,16,2032139,39,39,39,0,0,5,0.0,False,1.0
20,2,normal,17,2032140,37,37,37,0,0,5,0.0,False,1.0
20,2,normal,18,2032141,36,36,36,0,0,7,0.0,False,1.0
20,2,normal,19,2032142,41,40,40,1,0,8,0.0,False,1.0
20,2,exponential,0,2032133,36,36,36,0,0,5,0.0,False,1.0
20,2,exponential,1,2032134,40,40,40,0,0,6,0.0,False,1.0
20,2,exponential,2,2032135,38,38,38,0,0,6,0.0,False,1.0
20,2,exponential,3,2032136,40,40,40,0,0,6,0.0,False,1.0
20,2,exponential,4,2032137,37,37,37,0,0,5,0.0,False,1.0
20,2,exponential,5,2032138,40,40,40,0,0,7,0.0,False,1.0
20,2,exponential,6,2032139,39,39,39,0,0,5,0.0,False,1.0
20,2,exponential,7,2032140,38,38,38,0,0,6,0.0,False,1.0
20,2,exponential,8,2032141,39,39,39,0,0,7,0.0,False,1.0
20,2,exponential,9,2032142,40,40,40,0,0,7,0.0,False,1.0
20,2,exponential,10,2032143,39,39,39,0,0,4,0.0,False,1.0
20,2,exponential,11,2032144,39,39,39,0,0,4,0.0,False,1.0
20,2,exponential,12,2032145,35,35,35,0,0,5,0.0,False,1.0
20,2,exponential,13,2032146,39,39,39,0,0,6,0.0,False,1.0
20,2,exponential,14,2032147,40,40,40,0,0,5,0.0,False,1.0
20,2,exponential,15,2032148,40,40,40,0,0,4,0.0,False,1.0
20,2,exponential,16,2032149,37,37,37,0,0,6,0.0,False,1.0
20,2,exponential,17,2032150,39,39,39,0,0,6,0.0,False,1.0
20,2,exponential,18,2032151,40,40,40,0,0,5,0.0,False,1.0
20,2,exponential,19,2032152,37,37,37,0,0,5,0.0,False,1.0
20,2,gumbel,0,2032143,39,39,39,0,0,4,0.0,False,1.0
20,2,gumbel,1,2032144,39,39,39,0,0,4,0.0,False,1.0
20,2,gumbel,2,2032145,37,37,37,0,0,5,0.0,False,1.0
20,2,gumbel,3,2032146,38,38,38,0,0,6,0.0,False,1.0
20,2,gumbel,4,2032147,40,40,40,0,0,5,0.0,False,1.0
20,2,gumbel,5,2032148,40,40,40,0,0,4,0.0,False,1.0
20,2,gumbel,6,2032149,39,39,39,0,0,6,0.0,False,1.0
20,2,gumbel,7,2032150,40,39,39,1,0,6,0.0,False,1.0
20,2,gumbel,8,2032151,39,39,39,0,0,5,0.0,False,1.0
20,2,gumbel,9,2032152,38,38,38,0,0,5,0.0,False,1.0
20,2,gumbel,10,2032153,36,36,36,0,0,4,0.0,False,1.0
20,2,gumbel,11,2032154,38,38,38,0,0,7,0.0,False,1.0
20,2,gumbel,12,2032155,40,40,40,0,0,6,0.0,False,1.0
20,2,gumbel,13,2032156,40,40,40,0,0,8,0.0,False,1.0
20,2,gumbel,14,2032157,37,37,37,0,0,6,0.0,False,1.0
20,2,gumbel,15,2032158,38,38,38,0,0,4,0.0,False,1.0
20,2,gumbel,16,2032159,38,38,38,0,0,6,0.0,False,1.0
20,2,gumbel,17,2032160,40,39,39,1,0,7,0.0,False,1.0
20,2,gumbel,18,2032161,32,32,32,0,0,5,0.0,False,1.0
20,2,gumbel,19,2032162,36,36,36,0,0,4,0.0,False,1.0
20,5,normal,0,2062123,48,40,40,8,0,7,0.0,False,1.0
20,5,normal,1,2062124,42,35,35,6,1,8,0.0,False,1.0
20,5,normal,2,2062125,46,42,42,4,0,6,0.0,False,1.0
20,5,normal,3,2062126,39,34,34,5,0,6,0.0,False,1.0
20,5,normal,4,2062127,44,36,38,8,0,5,0.5668011929601562,True,0.9473684210526315
20,5,normal,5,2062128,46,39,39,7,0,6,0.0,False,1.0
20,5,normal,6,2062129,45,38,38,6,1,8,0.0,False,1.0
20,5,normal,7,2062130,60,38,40,22,0,8,2.453954397384223,True,0.95
20,5,normal,8,2062131,40,37,37,3,0,7,0.0,False,1.0
20,5,normal,9,2062132,42,39,39,3,0,9,0.0,False,1.0
20,5,normal,10,2062133,47,35,35,12,0,7,0.0,False,1.0
20,5,normal,11,2062134,37,30,30,6,1,6,0.0,False,1.0
20,5,normal,12,2062135,55,33,33,22,0,9,0.0,False,1.0
20,5,normal,13,2062136,55,40,40,15,0,8,0.0,False,1.0
20,5,normal,14,2062137,46,38,38,7,1,5,0.0,False,1.0
20,5,normal,15,2062138,80,47,48,33,0,9,5.1178026201978355,True,0.9
20,5,normal,16,2062139,42,33,33,8,1,6,0.0,False,1.0
20,5,normal,17,2062140,36,33,33,3,0,6,0.0,False,1.0
20,5,normal,18,2062141,45,35,35,10,0,7,0.0,False,1.0
20,5,normal,19,2062142,49,33,33,12,4,7,0.0,False,1.0
20,5,exponential,0,2062133,44,37,37,7,0,7,0.0,False,1.0
20,5,exponential,1,2062134,38,32,32,5,1,5,0.0,False,1.0
20,5,exponential,2,2062135,48,32,32,16,0,7,0.7335360353954457,True,0.9393939393939394
20,5,exponential,3,2062136,62,40,40,22,0,10,0.0,False,1.0
20,5,exponential,4,2062137,42,34,34,7,1,5,0.0,False,1.0
20,5,exponential,5,2062138,80,49,49,31,0,8,0.0,False,1.0
20,5,exponential,6,2062139,42,33,33,9,0,6,0.0,False,1.0
20,5,exponential,7,2062140,33,32,32,1,0,6,0.0,False,1.0
20,5,exponential,8,2062141,47,38,38,9,0,7,0.0,False,1.0
20,5,exponential,9,2062142,46,32,32,10,4,7,0.0,False,1.0
20,5,exponential,10,2062143,37,36,36,1,0,8,0.0,False,1.0
20,5,exponential,11,2062144,38,36,36,2,0,4,0.0,False,1.0
20,5,exponential,12,2062145,37,30,30,7,0,8,0.0,False,1.0
20,5,exponential,13,2062146,50,32,32,18,0,8,0.0,False,1.0
20,5,exponential,14,2062147,36,31,31,4,1,6,0.0,False,1.0
20,5,exponential,15,2062148,56,41,41,15,0,10,0.0,False,1.0
20,5,exponential,16,2062149,47,37,37,10,0,7,0.0,False,1.0
20,5,exponential,17,2062150,55,38,38,17,0,9,0.0,False,1.0
20,5,exponential,18,2062151,40,37,37,3,0,6,0.0,False,1.0
20,5,exponential,19,2062152,45,39,39,6,0,7,0.0,False,1.0
20,5,gumbel,0,2062143,40,38,38,2,0,8,0.0,False,1.0
20,5,gumbel,1,2062144,36,34,34,2,0,5,0.0,False,1.0
20,5,gumbel,2,2062145,36,29,29,7,0,10,0.0,False,1.0
20,5,gumbel,3,2062146,40,25,25,15,0,7,0.0,False,1.0
20,5,gumbel,4,2062147,36,31,31,4,1,6,0.0,False,1.0
20,5,gumbel,5,2062148,52,39,39,13,0,9,0.0,False,1.0
20,5,gumbel,6,2062149,42,37,37,5,0,8,0.0,False,1.0
20,5,gumbel,7,2062150,50,37,37,13,0,9,0.0,False,1.0
20,5,gumbel,8,2062151,38,37,37,1,0,6,0.0,False,1.0
20,5,gumbel,9,2062152,41,37,37,4,0,6,0.0,False,1.0
20,5,gumbel,10,2062153,50,38,39,12,0,9,3.1638295939787895,True,0.925
20,5,gumbel,11,2062154,41,34,34,6,1,6,0.0,False,1.0
20,5,gumbel,12,2062155,34,31,31,3,0,5,0.0,False,1.0
20,5,gumbel,13,2062156,36,32,32,2,2,5,0.0,False,1.0
20,5,gumbel,14,2062157,36,33,33,3,0,4,0.0,False,1.0
20,5,gumbel,15,2062158,39,34,34,5,0,8,0.0,False,1.0
20,5,gumbel,16,2062159,35,34,34,1,0,5,0.0,False,1.0
20,5,gumbel,17,2062160,54,39,38,15,0,9,2.166013983886387,True,0.9743589743589743
20,5,gumbel,18,2062161,37,36,36,1,0,5,0.0,False,1.0
20,5,gumbel,19,2062162,38,37,37,1,0,5,0.0,False,1.0
