,PRRS_binary,MYCO_binary,LateralPRRS_binary,Q2,Q3,Q4,Avg_parity_farrow,Litters_female_year,mated_inventory_20wks,PWMFyear,nonproductive_days,number_services,wean_to_service,abortions_rate,Total_born_avg,Stillborn_avg,Mummies_avg,prenatal_losses_avg,Born_alive_avg,Gestation_days,Interval_farrows,Pre_weaning_mortality,PWSow,productive_days_rate,services_per_inventory_N_rate,repeats__rate,gilts_bred_rate,Last_week_wean_bred_rate,pregnant_105days_rate,Cull_rate_annual,Sow_Death_rate,avg_parity_at_farrow,Lactation_days,final_inventory,Farrowing__rate,HeadIn,mortality_60days
PRRS_binary,0.0,0.0,5.179217614385018e-05,0.0,0.0,0.0,0.0,-5.973825851724531e-06,12.67753503246129,2.1946575660717285,0.0,0.27660933118066594,1.2211011615639418e-05,0.16693078119684024,0.0,0.0,0.0,0.0,0.0,0.0,-0.4164060040261574,0.0,0.0,-0.0002196420529949052,0.0,7.577863447602245e-05,0.0,0.0,-0.0002901570175653667,-1.9974125694139901,9.53019359232592e-07,0.0,0.0,-14.837196768719178,0.13413776570814837,34.33041339414946,0.36143887395085605
MYCO_binary,0.0,0.0,0.0,0.0,0.0,0.0,0.0,-0.0012269666910051356,22.2642827332217,-8.158027848884757,0.0,1.2586993175577292,0.0,8.659165547372739e-06,0.0,-6.857981213081176e-05,0.0,0.0,-7.3294062632287845e-06,0.0,0.4591387839842038,0.0,0.0,-1.192995227168764e-06,0.0,2.148167546204948e-05,0.9505086061032592,0.0001388018213773852,0.013100191730891608,-0.6537250201030606,-0.2333390527385092,0.0,0.06433002244418456,-61.11550137294287,0.0,134.24733560476352,0.5267824119069798
LateralPRRS_binary,0.0,0.0,0.0,0.0,0.0,0.0,0.0,0.9873288314711333,-13.342727271646325,0.4469983158812275,0.0,0.00232109199089777,0.0,-7.916302494940475e-06,0.0,0.0,0.0,0.0,0.0024890525835607434,0.0,-0.8911768906442344,0.0,0.0,0.0,0.0,-0.00013054316235346222,-6.260715958310149e-05,-0.0418594585159931,0.04595703422353168,0.0003012569262625522,0.0,0.0,0.0,11.655628032060564,0.0,273.99289138222565,0.0
Q2,0.0,0.0,-6.9590236392749466e-06,0.0,0.0,0.0,0.0,-4.793009558479312e-05,-23.03430637929397,-4.846491833605558,0.0,0.18411758191631072,0.0,0.0,0.0,0.0,0.0,0.0,0.003617607844075835,0.0,1.9450232453273268,0.0,0.0,0.00013612627511218602,0.0,-2.22977869027044e-05,0.0,-1.4572757564764394,-0.007869256458667739,-2.327699821568502e-05,0.0,0.0,0.0,9.84836464441357,0.0,-96.87225366757626,0.0
Q3,0.0,0.0,0.0,0.0,0.0,0.0,0.0,0.060351625235096996,-5.37294200224548,54.46220156441061,0.0,0.00039315330754525904,0.0,-0.07585261200168722,0.0,0.0,0.0,0.0,0.0002159698207213215,0.0,-0.07867025544773516,0.0,0.0,-7.320526883064725e-12,0.0,-0.0001316297468476652,-0.0530163542551087,-1.0873359885817022,0.04920683429095604,-0.04623376772651858,-2.8897810474813718e-05,0.0,0.0,3.7850039313381694,0.2645765865993212,8.891125030452194,-0.360567727907676
Q4,0.0,0.0,0.0,0.0,0.0,0.0,0.0,-0.00014235312878516334,31.121352486289823,-8.822967882576295,0.0,0.09632034554300613,0.0,0.010438692254820253,0.0,0.0,-0.0072124414547968555,0.0,0.0,0.0,-0.9719349474572312,0.0,0.0,-2.244265271821366e-06,0.0,0.0,0.0,0.8560690888618379,0.0,-1.0553988429295458,0.0,0.0,0.0,-24.780786930315553,0.0,30.526935134030193,0.0
Avg_parity_farrow,0.0,0.0,-7.956677065769254e-06,0.0,0.0,0.0,0.0,-0.0007179674701284042,-13.49722039291439,8.9335323003375,0.0,0.0015011043549641478,-1.533092540452268e-05,0.0,0.0,0.05938153977579434,-8.016519625273419e-06,0.0,-0.0013103253566044456,0.0,-0.4477211529777532,0.0,0.0,0.00033434109466312244,0.0,0.0,-0.00033877442838233836,0.17050789988466095,0.00019050549041256304,-1.232013090586588,-0.20840448961624883,0.18280416404010902,0.0,15.316243004499146,0.0774691016700141,-16.55264831004918,0.0
Litters_female_year,-6.224755599859577e-09,-1.0642080640332896e-08,1.157264595263996e-08,-9.427778002724096e-12,-8.53699383147194e-09,8.870957959742146e-08,-4.2405185307625715e-08,0.0,-0.27756037153040386,6.9393025436519045,3.139769333415643e-09,-0.01989398709649659,-2.6792335128256184e-08,-8.508912974214411e-08,2.016137083671321e-09,3.798372678609496e-07,6.173875277681873e-08,-5.505949418616041e-09,1.5005382492105923e-09,2.6405116758799856e-08,2.662728947597226e-06,-2.873568272221405e-07,-2.135326972820678e-06,1.7248750643350519e-06,2.498615459933101e-09,3.296279728088637e-06,-3.9409636749809795e-07,-5.038517437629814e-07,-1.1014230919051404e-06,-0.030218680307407233,-1.907455212755288e-07,-8.742658246440813e-08,4.834486309543418e-09,-0.10396506258564045,-1.108132377768134e-06,-1.4013404963500042,-7.906001564084164e-06
mated_inventory_20wks,-4.98859549155628e-10,3.071935735302067e-09,1.0670631620792945e-07,4.56060939013625e-10,6.55029891230563e-07,3.6003216952879002e-09,-4.4662103876325077e-10,3.847961639448158e-05,0.0,-0.12633557162089082,-4.7943440154322656e-08,7.512036910850561e-07,9.906177507457148e-08,1.564559126178422e-07,1.0037530069270661e-09,1.0525690629509254e-07,1.9675335666269334e-10,-2.07165242252505e-09,7.15562870241826e-10,6.617824832577668e-08,-6.22811201396456e-09,2.736102712452837e-09,3.1043053849710844e-08,-6.010882092066794e-08,4.824242116896471e-10,2.00591476762213e-07,-1.4065065112589537e-08,1.9981681631357773e-07,1.0591392068167328e-05,1.204515608817236e-06,-2.5438125450319427e-06,-9.718903903888076e-09,-1.650314625789573e-07,0.0003564525369252336,-3.926245034292786e-06,0.2519621262819397,8.250426813370682e-07
PWMFyear,4.000650435931341e-09,2.93778834592473e-10,-1.2781069966619207e-07,-1.241911433171039e-07,-5.921553480284919e-08,5.5583557484993606e-08,3.472219203826121e-08,2.463045442532841e-07,-0.0012010714873376405,0.0,2.5988749735583738e-08,-2.0594281526890856e-06,-2.6310342793323116e-12,-1.8052519687450364e-09,-4.402064938697353e-09,5.907931705699879e-09,7.59008507086878e-11,2.0178496433487236e-07,-4.3958700872079315e-08,-6.351466809201463e-09,-1.2070649613171724e-07,6.948291969566256e-09,-8.394398956328153e-10,-1.537011737355251e-07,1.1929720804965127e-09,-1.7022765453136857e-07,1.670468104120193e-10,5.519080296251255e-08,7.878696418363307e-09,-3.564748336212786e-05,3.1282453256085974e-07,-1.510251057545986e-08,5.8929381395456115e-08,-0.0003468326789886067,1.4249392045213166e-07,0.059254771554189414,-3.574265356291739e-07
nonproductive_days,0.007601526514174284,-0.01090453071166346,-0.038026382800246936,-0.00760079948481634,-0.06303693102662603,-0.006071057832152005,-0.0021555407106849445,-0.11854715347961792,-0.14799212389508104,-0.10982553406187612,0.0,0.05909812808195475,3.678445184472634e-05,0.05404163838993888,-0.009575740223299375,-0.008094945762794292,0.003966192960169465,-0.0011645439846478534,-0.024609555731690075,0.0013019531588110266,-0.008544001571648863,-0.029615929939971797,-2.5745214025729192e-05,2.2193465287756453e-08,0.0009271632368532817,0.3531594968470978,0.08358171930495434,-0.07163498298098392,0.024239225258874453,0.1695672836393612,0.04851977681777056,0.005676301635513335,0.002272437494436383,0.011803854987201046,-0.04626998292860518,-7.546862128412235,0.056143876373597065
number_services,-2.143565276668813e-09,2.0459403127226494e-07,-1.2427788636141385e-05,1.4789182701396841e-08,5.5627088699217175e-09,1.5980724993314155e-08,1.5150684951996396e-05,-0.0004971162498140849,3.765878531196098,-0.2083043388447542,-2.9313243210867673e-06,0.0,-1.3441540135106234e-07,-8.00146403356905e-07,5.5787442596044734e-08,4.278087816084186e-07,-1.8442573757049274e-07,-6.237128442887485e-08,4.9992706224744055e-08,1.6756689813244435e-05,-2.9706872235746307e-07,-1.2632068264219198e-06,3.787429305734946e-07,2.2135098429534872e-08,-1.777472713460071e-08,-5.694162283909066e-07,3.991878719133979e-06,1.2803257361249099e-06,0.0021689251088080896,0.01274852917850211,-1.8161542246486473e-07,-1.0927405175165106e-08,4.414587766815581e-05,17.70592463535028,4.2838551427962224e-05,1.1132762744556852,-0.0005963380939039975
wean_to_service,0.0,-0.00035312556505596033,-0.016891206753188715,0.0,0.0,0.0048497766978473356,-1.2575211258153804e-05,0.121236023121552,0.5763046900768,1.2310575742674823,0.008650096272157546,0.006318635299626283,0.0,-0.13642677935235847,-0.012991962630053863,0.009464741453979993,0.0009967251388721772,0.001217232127451115,-0.0018518224234398625,0.011616186990688606,0.6341928713322509,-0.0007668245012119407,-0.020164555159707123,-0.029525163233024884,0.001043571190855165,0.18415851112390866,-0.002289362264814916,-1.275588456318423,-0.028571517889944692,-0.8302247836510325,-0.1473804512542653,0.02045552560016338,0.018949250038443943,-0.9619567172847834,-0.000590981900948806,-27.949075593841304,-0.0014863276327527638
abortions_rate,3.865277249312515e-09,0.0004681584248005322,0.002757907214346343,0.009370924539853116,-4.6132510723995157e-07,0.0018303831963251734,-0.00014261310453241632,-0.20952181052968863,2.987545016198932,-3.8345565958457435,3.4084277627834114e-06,-0.2041510299376695,9.629912204461855e-09,0.0,-3.1110004663524767e-05,-7.744162401884108e-08,2.8717793058635407e-06,-3.891482656948053e-09,5.639162690487809e-07,-0.0025772018552664144,-0.02747710032686872,0.0,0.0009558232608560391,-9.415059590289765e-08,5.051710569806828e-06,-0.027057797786207,0.03490045991730056,-0.08455643770321611,-0.03960328714406566,-1.0023060390208873,0.049985142435147095,5.881154428533096e-05,-0.0023894714728904575,-1.084123428515258,0.026318637351202823,3.616779132181861,0.08823669751416108
Total_born_avg,0.0,0.0,-0.0001957528426599401,0.0,0.0,0.0,0.0,1.0826427873441589,7.21756592471241,41.04096951056633,0.0,0.2737583077919105,-3.2981826284651996e-05,-9.798960993856505e-05,0.0,0.30961745758229053,0.2564270219626862,0.0,0.02981153237325053,0.32644081391629465,0.0,-0.023343898630781706,2.086758993217703e-05,0.0001144033880835036,0.0,0.000641355926423942,-0.22493890612862502,-0.19898975920353285,0.008209721145389783,-0.00015358087866516266,-0.11018486192880544,0.0,-1.2565068156344015e-05,-3.774320745930582,0.4564518874106468,-35.61460614311249,-0.10025635327886201
Stillborn_avg,6.824269626385842e-08,-0.0016059542184555698,0.005732318242219677,0.0,0.0,0.0,1.5053165651418912e-06,-0.40839083969779205,7.445069668159935,-4.385052777183983,-0.00045734379860378627,0.15559673075576108,0.0,0.10628493831771088,-1.7562708613805267e-09,0.0,-0.25168924969753337,3.196650612963259e-08,-3.0883255176458735e-06,1.578940792148001e-05,-0.15507350957691834,-0.07575607310556799,0.0,1.114027170301228e-05,-0.0004583056518661976,0.0002473585521901152,-0.43662215244074676,-0.23225867638402017,0.01302175875010343,0.16517993907953082,0.2391863489414778,-6.391835891041836e-08,0.0,-4.311578340917211,-0.03153402229575502,-123.7839597491601,0.33925839504843236
Mummies_avg,0.003541738929620623,0.00027708197862800495,0.009424778336619338,0.0,0.00013056033618810827,-0.00394599195291254,0.0,-0.6029249699093978,5.87711849055583,-9.255768282446395,0.0001331999789832214,0.1845607361004703,0.007625554987045616,0.052833031999269066,-1.8133539080034122e-09,-4.362549324565812e-08,0.0,-1.1931443075902104e-07,1.2903624468929564e-07,2.2309266604729483e-07,-0.06504429967666442,-0.009984512883986576,-0.0721658875321005,-2.8035622776948974e-05,0.0033001271145772226,0.13323461165846398,0.24249891383133768,-0.21882992015007693,-0.0030951355199679426,-0.49971414447570445,-0.13316925688857406,-1.3880448953749686e-05,0.06690451296795455,-6.347052263067555,-0.24910571769710177,16.781336141556665,0.13555764931949024
prenatal_losses_avg,0.0,0.0,-0.003956313091844885,0.0,0.0,0.0,0.0,-0.00041895686339350063,-0.4720261091241085,1.9525794395191123,0.0,0.002292299626161211,5.8706682745618007e-05,7.078975387529863e-05,0.0,1.4782807471443993,1.98837778032606,0.0,-0.004394344545114332,0.0,-0.0002796666392825266,0.0,0.0,-0.0002182214703919701,0.0,0.000272247700263527,0.0,0.0,-0.0036927749871191904,-0.051858879171522036,0.0,0.0,3.266104415372744e-05,2.4328672017106614,-0.000295135870652496,-19.77759890353857,0.0
Born_alive_avg,0.0,0.0,0.00041621553562729767,0.0,0.0,0.0,0.0,1.1063141607769233,7.601893572613327,37.64877362620259,0.0,0.19480255772273103,-0.0018985976058444442,-0.000323003143032608,5.57824882686242e-05,-0.6193963749311286,-1.153145497260135,-0.0006276075506629891,0.0,0.12816219544420038,0.00034962345160311913,0.0,6.926344018589405e-05,3.569038398070889e-06,0.0,-0.0005395320919540916,-0.10230287500978894,0.0,0.003030073757570117,-0.001029032510936083,-0.045023936160927834,0.0,-0.00021120726471118785,-5.834255090461945,0.4793300426981615,-24.319103278123634,-0.24082070418513912
Gestation_days,0.0,0.0,0.0,0.0,0.0,0.0,0.0,0.11867672013683918,-11.0062425416997,3.9916678126178096,0.0,0.015365345494130078,0.00639587571540963,-5.606818240145315e-07,2.2137118749210316e-08,0.03142894447856301,0.06874669485447342,0.0,1.6647023604737798e-07,0.0,0.8105860895791888,0.004294711270606239,0.040723574188336886,0.00019362814349988368,0.0001338976136500018,-0.050404075716753476,-0.08526507422311859,0.003693981609704894,-0.039893912310728655,1.7151818132205694,0.08957218181557623,0.00033000237120182994,0.055909894168269435,8.854948733626534,-0.0027112165091169147,-0.14495673336676385,-0.08513286008299298
Interval_farrows,-4.090325567612796e-06,-3.54036087446552e-07,3.3907656682430343e-09,-3.818518730123142e-06,-1.114910030963756e-08,4.828519988356317e-10,4.035375989780432e-06,-0.6054013908236576,3.2248685965628363,-7.817059440589826,1.424398162690188e-06,-0.12656901590816558,7.495307891808994e-06,2.3879928771453063e-05,3.2301644692367404e-09,-8.982570426623732e-09,1.7810565604943138e-07,-2.0542898111763908e-09,4.871849634824343e-07,2.010854684153518e-09,0.0,-1.8369706615214976e-08,2.646363561229978e-08,-6.902128270314112e-08,1.727406373497331e-08,1.0171236794129235e-07,3.5600625085507875e-05,3.699440069004911e-07,0.15858427971369604,-0.11861229123126149,2.0321536268769202e-05,1.5856936465274973e-08,-9.340778275024331e-07,-1.3118705145025469,0.007763820887137118,-5.732055881128225,7.990842571317658e-08
Pre_weaning_mortality,0.0,0.0,0.0025389080965230004,0.0,0.0,0.0,0.0,-0.08390086833869044,5.283053998267779,0.09004979403161972,0.0,0.06917888006985198,-0.0012175540085558622,-3.04983711445145e-05,-1.0589752330302741e-05,-5.818291355583205e-07,-0.002473417621862033,-5.255534274158361e-08,1.0182633985098e-06,0.009627654247240314,-0.14943926515634406,0.0,-0.004234434839355515,8.789457624415074e-08,0.0,-0.0048907895702720436,0.006927639849718965,-0.051639359902604515,0.02438639641349839,0.05434663873426737,-0.004595050143363895,0.0,0.009106245604678875,-4.105509760678574,0.002166808590745567,12.998642785401561,-0.03703074189029893
PWSow,0.0,0.0,-0.0002661207840112827,0.0,-5.3081841180242095e-05,-0.003266013539736246,1.2041079622575813e-05,0.40553779668683193,-1.4121301299733156,-0.09268069617293517,0.0,0.5449886347792279,-0.001514963333754808,0.010373577834913814,1.401212440377074e-05,0.0001782156073307254,-1.182875149365048e-06,-3.5552662281380833e-09,1.24628676252507e-06,5.663240894260638e-06,0.07244371039336875,-0.0007053494385264006,0.0,-0.018633704865824233,0.004105567670940299,-0.17127432762435,-0.17511217589978043,0.01802801260159918,0.07118114137303055,0.22185613162180648,-0.03690110242580844,2.061640136576317e-05,0.054262862223296356,-5.341271197583434,-0.1761653637616411,55.02671435230981,-0.04268801338337647
productive_days_rate,0.004008916930424946,-0.045680116720272106,-0.03325455063907482,0.0013052562037946327,-0.23219475115082033,-0.0572036429125882,0.0007528595842514466,-0.0011242840061748615,0.29635266541319527,-0.808598717331233,-3.58566378031537,0.8203386335223545,-0.00026219408440811796,-0.003151184009550027,-0.007358988872762428,-0.003045100198273271,-0.015805980009558906,-0.010285677655114664,0.03077664829405491,-0.0001055701786730576,-0.0010986348791852223,-0.08198786912221631,-0.0003526958904721939,0.0,-0.0006301561004094323,0.9998810769760423,0.029663811600704568,0.052305824472239124,0.11989546182073907,0.0018709518403224115,0.028117090243548283,0.038944602056805444,-0.012206656116044918,0.6983700516809754,0.011546919742710155,1.7113683743505264,0.0181210828874085
services_per_inventory_N_rate,0.0,-0.021756764159439827,0.0007591879752104222,0.0,-0.000940346699916537,-0.001996781936195146,0.0,-0.14687880611034299,-68.99563205587359,-4.085886810043936,0.0,30.534175695255197,0.004522647074387656,0.0,0.0,0.0,-0.0001521823939887126,0.0005292420999584797,0.0,0.0,-0.0001098502123917787,-0.00014355617288685236,0.0,-0.00037157107088844763,0.0,0.0016804452360518916,2.7152372825961355,0.7285045291156301,-0.00024080355110407648,-5.77224576438965,0.0,-1.3179335327613362e-05,0.0,-201.40682245275397,-5.410851394333566e-10,-130.22213538881442,0.005698710155538903
repeats__rate,0.0008290800380775354,0.004351257022849442,-0.001371074408337003,-0.0008390924892157799,-0.0005653976579662818,-0.002401300333709555,0.0006885317106694218,-0.4164221780917071,2.4306577702878216,-13.653335964579313,-1.840543078016066e-08,-0.11747309507134579,9.537687531424588e-08,-7.047737116968461e-05,-9.637786390480677e-06,-0.00029191241900010725,-2.9452172506383434e-09,1.147260396752725e-08,-1.574568242457275e-07,-1.503353266156266e-06,0.20077084352878294,-0.005600705973894883,-3.882208590016978e-08,-6.85299955671681e-09,7.700111949153834e-05,0.0,-0.306437876959994,0.08469798774524788,-0.009103421824207314,-1.4007348788167004,-0.022495277315493167,0.0006527366117993691,8.115430065458451e-08,-2.263741563516562,-0.11227522290666028,-1.2441924440467362,0.05329827476474652
gilts_bred_rate,0.00036631659875692446,3.098808709633971e-11,-0.0011966939915520405,0.00012416424648278423,-5.011653601665056e-07,-0.0004785609730051854,4.35136829346483e-10,-0.12737573551859044,-11.44042126120085,-2.1882068751614354,6.512882136378018e-08,-0.3609432576855279,1.902936394597432e-05,3.119458090569552e-05,-1.5235778628303054e-08,1.917485165335575e-06,4.229148287474005e-08,-1.042339461184566e-08,1.6286075266158662e-10,-3.4139002221840855e-07,0.0654288009424338,0.002850295532970698,-1.8026194255164885e-08,1.5703043781956083e-07,-1.3590208582797692e-07,2.4000527718004427e-08,0.0,-0.011727810642377157,-8.079929659965401e-05,0.39302280368926396,1.331781015120881e-07,1.9636796078081886e-09,8.168209628045412e-06,5.496371657638587,-2.0467716013272685e-05,-16.159106059307508,6.103646662648093e-05
Last_week_wean_bred_rate,-0.0013724931744099021,0.00033243781842040576,-2.862214647642025e-05,2.5696668629754393e-08,-1.1420103589177e-07,7.388179512624049e-10,2.0358642298899665e-08,-0.1897883500026391,2.97146200659299,5.3159974536102315,-4.940989228319204e-07,0.17947872072176757,1.9144485541300327e-07,-1.7312643015715556e-06,-1.445708226743836e-09,2.0555389057541618e-08,-4.7510943282022544e-08,4.034284935283683e-08,-9.295349590043855e-08,0.000497622419764164,0.16593945393044918,-3.411602225338213e-06,0.0002644180644703277,3.808035931029963e-08,3.1136882294724444e-08,-2.7379200370769574e-07,-0.008817045716502325,0.0,0.03495134902131669,-0.8281837159034857,0.0019681163109178043,8.655482372499357e-08,4.80665162949645e-08,-3.602017177952746,0.007522639534378636,-5.678327158991985,0.0020272407628820245
pregnant_105days_rate,0.0,-2.6805433459009542e-06,2.4688557528212973e-08,-2.7145560684977137e-09,1.7901642032081e-06,1.3685859777054499e-08,3.1586176381863087e-06,0.05525553277662236,0.6991102055555481,-38.893504214628365,-3.060772347367397e-05,0.02308964660104973,-2.700995665828876e-06,-5.645265637291286e-05,0.00011350401632023352,0.0001859147798853988,-0.0013371068918825674,-9.214574983343674e-05,0.006806533413334953,-8.942582324644732e-08,2.9413174351677895e-07,2.208344742155705e-05,2.5687434567732426e-06,2.9884220789644367e-07,-1.398896197468344e-06,-0.0015130642867068403,-0.04055960496267785,-3.873450605040851e-06,0.0,-0.3957657104266019,-0.02603920767886367,1.3618350865117848e-05,4.64341273070934e-08,1.3609564877283082,0.13914880511477035,-7.224656470762467,-0.006014271885354208
Cull_rate_annual,-4.9611111441194566e-08,2.193542347761479e-09,1.6912502868310364e-07,4.338340988535583e-10,-9.017677915501565e-08,3.7975212401758496e-09,6.499214971755762e-09,-0.0028924994419145256,1.0239064159712226,-0.23421494012182364,-1.1717728050086862e-06,0.003295462635358508,-3.451353960265413e-08,3.451727081937861e-08,-1.7268119627267264e-07,2.1408142425460852e-08,-7.748397989892908e-07,-1.4804062719594264e-08,-1.951050002883814e-06,3.798146980260597e-08,-3.537023049102195e-07,1.0505671521110482e-05,2.187522041112444e-08,2.664643896158059e-10,-4.292335376021583e-10,-2.200304860533464e-08,-5.3569699072743976e-05,-4.622837186663009e-08,-4.1361260712184655e-05,0.0,-1.8202395666883087e-05,-4.8497483362552885e-08,-6.208127922499584e-08,-0.28758968571446464,1.2863560894310275e-06,0.3723104885567965,-5.69608875145755e-05
Sow_Death_rate,0.001317462154690343,-1.3848852227753977e-09,-0.0060170606008714215,-0.0020807200313943675,-0.0010802360511882408,-0.0009763547021912316,-5.152985205203464e-09,0.14577419298895802,3.7425677700707887,-6.315444241877722,3.450845368610511e-06,0.17922582114276792,1.1026355314913694e-09,-0.0008822980983804185,1.8758751990990974e-08,2.2465181525807565e-08,1.3514091144750662e-08,-1.8373031047957955e-09,9.314181370623231e-10,3.742739064730577e-07,0.0661260893737557,-0.00020036958919911785,-1.9261442846571063e-06,4.591569391365624e-08,5.541965270855487e-05,-1.0945868576774792e-05,-0.1307669939807071,0.0200871404167019,-0.0002608536804931637,0.04330651095711291,0.0,-8.294575234990553e-10,5.911496433683161e-08,-5.539491628261338,-0.00031668083538724523,20.215429827217328,-0.002055683820390098
avg_parity_at_farrow,0.0,0.0,-0.0005322416276740999,0.0,0.0,0.0,9.183734550610723e-09,-0.0023791497550718264,85.34634729200116,-15.090054185449441,0.0,0.042296739594786394,-4.199748807394277e-05,0.0,0.0,0.12732242409665478,-1.0707316219086255e-05,0.0,-0.003482243084740692,0.018277411416006733,0.0706928297213481,0.0,0.0,9.064351968548497e-06,0.00028183563510912336,0.0,1.0591506779905044,1.2160966082589388,0.00601196084359745,0.9640770333760016,-0.2855043663231484,0.0,0.001363728393754833,-61.59858698671378,0.08011200322066953,269.8747253138922,-0.27886548166621045
Lactation_days,0.0,1.4015424083272873e-06,-0.007801412697584085,0.0,0.0,0.0001682928176189918,0.0,-0.21630821837121114,5.8361389207629735,-2.0304070615402763,4.656852572178107e-06,0.4566946702567897,0.0013889397912602132,-0.004663778563184489,0.0,-0.001263137150123177,2.75246554024694e-06,6.335531678005062e-08,-1.1855977412322805e-07,3.495689336652924e-06,0.5302315764047181,0.00556723413834977,2.6849232228898234e-06,-0.003201943523081563,-0.002964342360689168,0.17955557154444746,0.028528459196347732,-0.13158930173067718,-0.11381424199086108,-0.03195916427302129,0.19651721510140624,0.005293074037352434,0.0,-9.353776184337805,-0.10533463624637807,-26.641674848474732,-0.025763532088749416
final_inventory,-8.46078779953574e-11,2.4123571112921738e-08,-3.6509449977129016e-10,-9.80473989324604e-10,1.2374837221607038e-07,4.7914087233404123e-08,-1.4301707845776335e-08,-4.01285880890917e-05,0.7950107194301623,0.12449551942306458,1.9380911897484004e-08,2.704664820163405e-07,1.3239098140688244e-08,3.515992149892566e-07,3.799399915624564e-08,1.019338142019266e-07,-2.7230371291153688e-09,-1.4205610854300943e-09,-2.79766775718171e-09,1.8581011323320906e-08,1.328760573793275e-08,-1.2566513359416054e-09,1.623882150709327e-09,3.4013301574136595e-09,-6.371800101434566e-10,2.281659890043461e-06,-3.6599197133016514e-08,-1.6397066140757394e-06,6.913106975377226e-07,-1.1708696583345723e-05,-1.2364324362724999e-06,8.534377038404983e-09,3.505140865316808e-08,0.0,3.0014787261549436e-06,0.048990434482832385,-7.735802464020614e-07
Farrowing__rate,-3.770888747957335e-09,0.0082535366655693,0.00044661779940997903,-0.0001016172772245836,4.895978372720933e-09,0.0013268305148026183,9.477962698871065e-07,-1.3960167573385434,1.2635263292458847,-14.656325381557245,-6.919487049533712e-06,0.07784811530753928,-0.0021387411887642746,-0.00023849857057970996,2.5250296291079444e-06,1.2800080311007288e-05,-4.590949598259897e-08,2.1125607779608202e-08,-1.904309617078992e-07,-0.001214069820718925,0.005096176894683606,0.001182263128720698,6.856931971874203e-09,2.2883781318483454e-07,-3.056304176845409e-05,-1.6313600649520144e-06,-0.062276496783908356,0.01021254171087127,4.69692600646443e-07,-0.09075308738075916,-0.02874917846522132,1.0114899256551471e-06,-1.8015662997528104e-07,-1.0805938418575523,0.0,7.240855625610694,-0.006201921904241027
HeadIn,-3.373555948482654e-11,-6.811481934043684e-12,2.63522113852499e-10,1.6725898409342133e-09,1.0673563075047632e-10,-1.4564462186197197e-08,5.744818911475758e-08,-3.4897569876068957e-06,0.0005889312596390125,0.0028240296634633676,-1.1952404591238086e-09,-2.566156649366075e-06,-1.2647500912191245e-07,-4.517123535982548e-08,5.278208071220897e-08,-7.493716249959426e-09,1.6276485552153136e-10,-4.374304772569726e-10,-1.4997312198540558e-08,-2.6970250949220897e-08,-5.53063760943065e-08,-5.272551838989177e-08,-1.2807935462211262e-08,-2.1962528670704806e-10,-3.4262653478278615e-12,-5.7738364860060454e-08,-6.701623992766761e-08,-1.5100548336061115e-08,5.562555880581771e-08,-0.0001538071347208375,2.665731942685934e-07,-1.2386849254641952e-09,3.638754674959929e-08,0.0035580376180456563,5.879266103819836e-08,0.0,2.1164998476388974e-07
mortality_60days,-3.2010764803615255e-08,-8.401156120774189e-08,-0.021766354786483588,7.860173558650184e-05,2.581461059844581e-08,0.0015232362262273058,-1.630179080067233e-06,0.025385707226085723,-2.8473289203914187,-2.3542562313044053,2.681728271933248e-06,-0.016616561648241795,0.005591258664050655,3.2485028557543982e-06,-2.115719350664338e-09,-5.545856517075176e-10,6.674801489303661e-09,0.0001233591088981474,1.1223477286437245e-09,-3.0678298121224884e-07,0.15615766990822763,-1.0340754641230757e-05,-1.4148145291653126e-05,-1.2384331719156316e-07,1.5841608716510303e-05,4.054243010925829e-05,0.03291036578208551,0.00789873576761199,-0.0035202340392366527,-0.04546160041628612,-0.014585380261716435,-2.5468646460465733e-09,1.2578803399835442e-05,1.2964221235879898,0.003873529576136847,2.3918286437048053,0.0
