from,to,candidate_weight,exact_retained,greedy_retained
Avg_parity_farrow,Cull_rate_annual,-1.232013090586588,True,True
Gestation_days,Cull_rate_annual,1.7151818132205694,True,True
Last_week_wean_bred_rate,Cull_rate_annual,-0.8281837159034857,True,True
MYCO_binary,Cull_rate_annual,-0.6537250201030606,False,False
Mummies_avg,Cull_rate_annual,-0.49971414447570445,False,False
PRRS_binary,Cull_rate_annual,-1.9974125694139901,False,False
Q4,Cull_rate_annual,-1.0553988429295458,False,False
abortions_rate,Cull_rate_annual,-1.0023060390208873,True,True
avg_parity_at_farrow,Cull_rate_annual,0.9640770333760016,True,True
gilts_bred_rate,Cull_rate_annual,0.39302280368926396,True,True
pregnant_105days_rate,Cull_rate_annual,-0.3957657104266019,False,False
repeats__rate,Cull_rate_annual,-1.4007348788167004,True,True
services_per_inventory_N_rate,Cull_rate_annual,-5.77224576438965,True,True
wean_to_service,Cull_rate_annual,-0.8302247836510325,False,False
Born_alive_avg,Farrowing__rate,0.4793300426981615,True,True
Total_born_avg,Farrowing__rate,0.4564518874106468,False,False
Total_born_avg,Gestation_days,0.32644081391629465,True,True
Avg_parity_farrow,HeadIn,-16.55264831004918,True,True
Born_alive_avg,HeadIn,-24.319103278123634,False,False
Cull_rate_annual,HeadIn,0.3723104885567965,False,False
Farrowing__rate,HeadIn,7.240855625610694,False,False
Interval_farrows,HeadIn,-5.732055881128225,False,False
Lactation_days,HeadIn,-26.641674848474732,False,False
Last_week_wean_bred_rate,HeadIn,-5.678327158991985,False,False
LateralPRRS_binary,HeadIn,273.99289138222565,True,True
Litters_female_year,HeadIn,-1.4013404963500042,False,False
MYCO_binary,HeadIn,134.24733560476352,False,False
Mummies_avg,HeadIn,16.781336141556665,False,False
PRRS_binary,HeadIn,34.33041339414946,False,False
PWSow,HeadIn,55.02671435230981,True,False
Pre_weaning_mortality,HeadIn,12.998642785401561,False,False
Q2,HeadIn,-96.87225366757626,False,False
Q3,HeadIn,8.891125030452194,False,False
Q4,HeadIn,30.526935134030193,False,False
Sow_Death_rate,HeadIn,20.215429827217328,False,True
Stillborn_avg,HeadIn,-123.7839597491601,True,True
Total_born_avg,HeadIn,-35.61460614311249,False,False
abortions_rate,HeadIn,3.616779132181861,False,False
avg_parity_at_farrow,HeadIn,269.8747253138922,True,True
gilts_bred_rate,HeadIn,-16.159106059307508,True,False
mortality_60days,HeadIn,2.3918286437048053,False,False
nonproductive_days,HeadIn,-7.546862128412235,False,False
number_services,HeadIn,1.1132762744556852,True,True
pregnant_105days_rate,HeadIn,-7.224656470762467,False,False
prenatal_losses_avg,HeadIn,-19.77759890353857,False,False
productive_days_rate,HeadIn,1.7113683743505264,False,True
repeats__rate,HeadIn,-1.2441924440467362,False,False
services_per_inventory_N_rate,HeadIn,-130.22213538881442,True,True
wean_to_service,HeadIn,-27.949075593841304,False,False
Avg_parity_farrow,Interval_farrows,-0.4477211529777532,False,False
Gestation_days,Interval_farrows,0.8105860895791888,True,True
Lactation_days,Interval_farrows,0.5302315764047181,True,True
LateralPRRS_binary,Interval_farrows,-0.8911768906442344,True,True
MYCO_binary,Interval_farrows,0.4591387839842038,True,True
PRRS_binary,Interval_farrows,-0.4164060040261574,True,True
Q2,Interval_farrows,1.9450232453273268,True,True
Q4,Interval_farrows,-0.9719349474572312,False,False
wean_to_service,Interval_farrows,0.6341928713322509,True,True
Q2,Last_week_wean_bred_rate,-1.4572757564764394,True,True
Q3,Last_week_wean_bred_rate,-1.0873359885817022,True,True
Q4,Last_week_wean_bred_rate,0.8560690888618379,False,False
avg_parity_at_farrow,Last_week_wean_bred_rate,1.2160966082589388,True,True
services_per_inventory_N_rate,Last_week_wean_bred_rate,0.7285045291156301,True,True
wean_to_service,Last_week_wean_bred_rate,-1.275588456318423,True,True
Born_alive_avg,Litters_female_year,1.1063141607769233,True,False
Farrowing__rate,Litters_female_year,-1.3960167573385434,True,True
Interval_farrows,Litters_female_year,-0.6054013908236576,True,True
LateralPRRS_binary,Litters_female_year,0.9873288314711333,False,False
Mummies_avg,Litters_female_year,-0.6029249699093978,False,True
PWSow,Litters_female_year,0.40553779668683193,False,False
Stillborn_avg,Litters_female_year,-0.40839083969779205,False,True
Total_born_avg,Litters_female_year,1.0826427873441589,False,True
repeats__rate,Litters_female_year,-0.4164221780917071,True,True
Born_alive_avg,Mummies_avg,-1.153145497260135,True,True
prenatal_losses_avg,Mummies_avg,1.98837778032606,True,True
Avg_parity_farrow,PWMFyear,8.9335323003375,False,False
Born_alive_avg,PWMFyear,37.64877362620259,True,False
Farrowing__rate,PWMFyear,-14.656325381557245,True,True
Gestation_days,PWMFyear,3.9916678126178096,False,False
Interval_farrows,PWMFyear,-7.817059440589826,True,True
Lactation_days,PWMFyear,-2.0304070615402763,False,False
Last_week_wean_bred_rate,PWMFyear,5.3159974536102315,True,True
LateralPRRS_binary,PWMFyear,0.4469983158812275,False,False
Litters_female_year,PWMFyear,6.9393025436519045,True,True
MYCO_binary,PWMFyear,-8.158027848884757,False,False
Mummies_avg,PWMFyear,-9.255768282446395,False,False
PRRS_binary,PWMFyear,2.1946575660717285,False,False
Q2,PWMFyear,-4.846491833605558,False,False
Q3,PWMFyear,54.46220156441061,True,True
Q4,PWMFyear,-8.822967882576295,False,False
Sow_Death_rate,PWMFyear,-6.315444241877722,True,True
Stillborn_avg,PWMFyear,-4.385052777183983,False,False
Total_born_avg,PWMFyear,41.04096951056633,False,True
abortions_rate,PWMFyear,-3.8345565958457435,False,False
avg_parity_at_farrow,PWMFyear,-15.090054185449441,False,False
gilts_bred_rate,PWMFyear,-2.1882068751614354,False,False
mortality_60days,PWMFyear,-2.3542562313044053,False,False
pregnant_105days_rate,PWMFyear,-38.893504214628365,True,True
prenatal_losses_avg,PWMFyear,1.9525794395191123,False,True
productive_days_rate,PWMFyear,-0.808598717331233,False,False
repeats__rate,PWMFyear,-13.653335964579313,True,True
services_per_inventory_N_rate,PWMFyear,-4.085886810043936,False,False
wean_to_service,PWMFyear,1.2310575742674823,False,False
Born_alive_avg,Stillborn_avg,-0.6193963749311286,False,False
Total_born_avg,Stillborn_avg,0.30961745758229053,True,True
prenatal_losses_avg,Stillborn_avg,1.4782807471443993,True,True
Avg_parity_farrow,final_inventory,15.316243004499146,True,True
Born_alive_avg,final_inventory,-5.834255090461945,False,False
Farrowing__rate,final_inventory,-1.0805938418575523,False,False
Gestation_days,final_inventory,8.854948733626534,True,True
Interval_farrows,final_inventory,-1.3118705145025469,False,False
Lactation_days,final_inventory,-9.353776184337805,True,True
Last_week_wean_bred_rate,final_inventory,-3.602017177952746,True,True
LateralPRRS_binary,final_inventory,11.655628032060564,False,False
MYCO_binary,final_inventory,-61.11550137294287,True,True
Mummies_avg,final_inventory,-6.347052263067555,False,False
PRRS_binary,final_inventory,-14.837196768719178,False,False
PWSow,final_inventory,-5.341271197583434,False,False
Pre_weaning_mortality,final_inventory,-4.105509760678574,False,False
Q2,final_inventory,9.84836464441357,False,False
Q3,final_inventory,3.7850039313381694,False,False
Q4,final_inventory,-24.780786930315553,False,False
Sow_Death_rate,final_inventory,-5.539491628261338,True,True
Stillborn_avg,final_inventory,-4.311578340917211,False,False
Total_born_avg,final_inventory,-3.774320745930582,False,False
abortions_rate,final_inventory,-1.084123428515258,False,False
avg_parity_at_farrow,final_inventory,-61.59858698671378,True,True
gilts_bred_rate,final_inventory,5.496371657638587,True,True
mortality_60days,final_inventory,1.2964221235879898,False,False
number_services,final_inventory,17.70592463535028,True,True
pregnant_105days_rate,final_inventory,1.3609564877283082,False,False
prenatal_losses_avg,final_inventory,2.4328672017106614,False,False
productive_days_rate,final_inventory,0.6983700516809754,True,True
repeats__rate,final_inventory,-2.263741563516562,True,True
services_per_inventory_N_rate,final_inventory,-201.40682245275397,True,True
wean_to_service,final_inventory,-0.9619567172847834,False,False
MYCO_binary,gilts_bred_rate,0.9505086061032592,True,True
Stillborn_avg,gilts_bred_rate,-0.43662215244074676,True,True
avg_parity_at_farrow,gilts_bred_rate,1.0591506779905044,False,False
repeats__rate,gilts_bred_rate,-0.306437876959994,True,True
services_per_inventory_N_rate,gilts_bred_rate,2.7152372825961355,True,True
Avg_parity_farrow,mated_inventory_20wks,-13.49722039291439,True,True
Born_alive_avg,mated_inventory_20wks,7.601893572613327,False,False
Cull_rate_annual,mated_inventory_20wks,1.0239064159712226,True,True
Farrowing__rate,mated_inventory_20wks,1.2635263292458847,True,True
Gestation_days,mated_inventory_20wks,-11.0062425416997,False,False
Interval_farrows,mated_inventory_20wks,3.2248685965628363,True,True
Lactation_days,mated_inventory_20wks,5.8361389207629735,False,False
Last_week_wean_bred_rate,mated_inventory_20wks,2.97146200659299,True,True
LateralPRRS_binary,mated_inventory_20wks,-13.342727271646325,False,False
MYCO_binary,mated_inventory_20wks,22.2642827332217,True,False
Mummies_avg,mated_inventory_20wks,5.87711849055583,False,True
PRRS_binary,mated_inventory_20wks,12.67753503246129,False,False
PWSow,mated_inventory_20wks,-1.4121301299733156,False,False
Pre_weaning_mortality,mated_inventory_20wks,5.283053998267779,False,False
Q2,mated_inventory_20wks,-23.03430637929397,False,False
Q3,mated_inventory_20wks,-5.37294200224548,False,False
Q4,mated_inventory_20wks,31.121352486289823,True,True
Sow_Death_rate,mated_inventory_20wks,3.7425677700707887,True,True
Stillborn_avg,mated_inventory_20wks,7.445069668159935,False,False
Total_born_avg,mated_inventory_20wks,7.21756592471241,False,False
abortions_rate,mated_inventory_20wks,2.987545016198932,False,False
avg_parity_at_farrow,mated_inventory_20wks,85.34634729200116,True,True
final_inventory,mated_inventory_20wks,0.7950107194301623,True,True
gilts_bred_rate,mated_inventory_20wks,-11.44042126120085,True,True
mortality_60days,mated_inventory_20wks,-2.8473289203914187,False,False
number_services,mated_inventory_20wks,3.765878531196098,True,True
pregnant_105days_rate,mated_inventory_20wks,0.6991102055555481,False,False
prenatal_losses_avg,mated_inventory_20wks,-0.4720261091241085,True,False
repeats__rate,mated_inventory_20wks,2.4306577702878216,True,True
services_per_inventory_N_rate,mated_inventory_20wks,-68.99563205587359,True,True
wean_to_service,mated_inventory_20wks,0.5763046900768,False,False
MYCO_binary,mortality_60days,0.5267824119069798,True,True
PRRS_binary,mortality_60days,0.36143887395085605,True,True
Q3,mortality_60days,-0.360567727907676,True,True
Stillborn_avg,mortality_60days,0.33925839504843236,True,True
productive_days_rate,nonproductive_days,-3.58566378031537,True,True
Lactation_days,number_services,0.4566946702567897,False,False
MYCO_binary,number_services,1.2586993175577292,True,True
PWSow,number_services,0.5449886347792279,False,False
gilts_bred_rate,number_services,-0.3609432576855279,True,True
productive_days_rate,number_services,0.8203386335223545,False,False
services_per_inventory_N_rate,number_services,30.534175695255197,True,True
nonproductive_days,repeats__rate,0.3531594968470978,False,False
productive_days_rate,repeats__rate,0.9998810769760423,True,True
