child,candidate_indegree,exact_indegree,greedy_indegree,candidate_parents,exact_parents,greedy_parents,exact_local_bic,greedy_local_bic,greedy_local_bic_gap,edge_sets_equal,exact_method,exact_certified,exact_score_evaluations,exact_search_nodes
PRRS_binary,0,0,0,,,,-6857.965143228044,-6857.965143228044,0.0,True,enumeration,True,1,1
MYCO_binary,0,0,0,,,,-3695.7208893212483,-3695.7208893212483,0.0,True,enumeration,True,1,1
LateralPRRS_binary,0,0,0,,,,-5062.089381121252,-5062.089381121252,0.0,True,enumeration,True,1,1
Q2,0,0,0,,,,-4270.837565393695,-4270.837565393695,0.0,True,enumeration,True,1,1
Q3,0,0,0,,,,-3898.4974856539666,-3898.4974856539666,0.0,True,enumeration,True,1,1
Q4,0,0,0,,,,-4572.398097083423,-4572.398097083423,0.0,True,enumeration,True,1,1
Avg_parity_farrow,0,0,0,,,,-2055.564399285198,-2055.564399285198,0.0,True,enumeration,True,1,1
Litters_female_year,9,4,6,LateralPRRS_binary; Total_born_avg; Stillborn_avg; Mummies_avg; Born_alive_avg; Interval_farrows; PWSow; repeats__rate; Farrowing__rate,Born_alive_avg; Interval_farrows; repeats__rate; Farrowing__rate,Total_born_avg; Stillborn_avg; Mummies_avg; Interval_farrows; repeats__rate; Farrowing__rate,19202.16662972418,19215.21642269971,13.049792975529272,False,enumeration,True,512,512
mated_inventory_20wks,31,15,14,PRRS_binary; MYCO_binary; LateralPRRS_binary; Q2; Q3; Q4; Avg_parity_farrow; number_services; wean_to_service; abortions_rate; Total_born_avg; Stillborn_avg; Mummies_avg; prenatal_losses_avg; Born_alive_avg; Gestation_days; Interval_farrows; Pre_weaning_mortality; PWSow; services_per_inventory_N_rate; repeats__rate; gilts_bred_rate; Last_week_wean_bred_rate; pregnant_105days_rate; Cull_rate_annual; Sow_Death_rate; avg_parity_at_farrow; Lactation_days; final_inventory; Farrowing__rate; mortality_60days,MYCO_binary; Q4; Avg_parity_farrow; number_services; prenatal_losses_avg; Interval_farrows; services_per_inventory_N_rate; repeats__rate; gilts_bred_rate; Last_week_wean_bred_rate; Cull_rate_annual; Sow_Death_rate; avg_parity_at_farrow; final_inventory; Farrowing__rate,Q4; Avg_parity_farrow; number_services; Mummies_avg; Interval_farrows; services_per_inventory_N_rate; repeats__rate; gilts_bred_rate; Last_week_wean_bred_rate; Cull_rate_annual; Sow_Death_rate; avg_parity_at_farrow; final_inventory; Farrowing__rate,29086.985991832036,29089.510021208174,2.52402937613806,False,branch-and-bound,True,680555,680561
PWMFyear,28,9,10,PRRS_binary; MYCO_binary; LateralPRRS_binary; Q2; Q3; Q4; Avg_parity_farrow; Litters_female_year; wean_to_service; abortions_rate; Total_born_avg; Stillborn_avg; Mummies_avg; prenatal_losses_avg; Born_alive_avg; Gestation_days; Interval_farrows; productive_days_rate; services_per_inventory_N_rate; repeats__rate; gilts_bred_rate; Last_week_wean_bred_rate; pregnant_105days_rate; Sow_Death_rate; avg_parity_at_farrow; Lactation_days; Farrowing__rate; mortality_60days,Q3; Litters_female_year; Born_alive_avg; Interval_farrows; repeats__rate; Last_week_wean_bred_rate; pregnant_105days_rate; Sow_Death_rate; Farrowing__rate,Q3; Litters_female_year; Total_born_avg; prenatal_losses_avg; Interval_farrows; repeats__rate; Last_week_wean_bred_rate; pregnant_105days_rate; Sow_Death_rate; Farrowing__rate,32093.124267314466,32099.83132885669,6.707061542223528,False,branch-and-bound,True,1296,1295
nonproductive_days,1,1,1,productive_days_rate,productive_days_rate,productive_days_rate,-18461.672258155697,-18461.672258155697,0.0,True,enumeration,True,2,2
number_services,6,3,3,MYCO_binary; PWSow; productive_days_rate; services_per_inventory_N_rate; gilts_bred_rate; Lactation_days,MYCO_binary; services_per_inventory_N_rate; gilts_bred_rate,MYCO_binary; services_per_inventory_N_rate; gilts_bred_rate,21122.36846673076,21122.36846673076,0.0,True,enumeration,True,64,64
wean_to_service,0,0,0,,,,3876.3447458977794,3876.3447458977794,0.0,True,enumeration,True,1,1
abortions_rate,0,0,0,,,,7015.354960169194,7015.354960169194,0.0,True,enumeration,True,1,1
Total_born_avg,0,0,0,,,,-2409.2720818133,-2409.2720818133,0.0,True,enumeration,True,1,1
Stillborn_avg,3,2,2,Total_born_avg; prenatal_losses_avg; Born_alive_avg,Total_born_avg; prenatal_losses_avg,Total_born_avg; prenatal_losses_avg,2196.9810950921747,2196.9810950921747,0.0,True,enumeration,True,8,8
Mummies_avg,2,2,2,prenatal_losses_avg; Born_alive_avg,prenatal_losses_avg; Born_alive_avg,prenatal_losses_avg; Born_alive_avg,2291.523647466541,2291.523647466541,0.0,True,enumeration,True,4,4
prenatal_losses_avg,0,0,0,,,,-3635.380321778974,-3635.380321778974,0.0,True,enumeration,True,1,1
Born_alive_avg,0,0,0,,,,-1630.0406944013014,-1630.0406944013014,0.0,True,enumeration,True,1,1
Gestation_days,1,1,1,Total_born_avg,Total_born_avg,Total_born_avg,2540.231677413402,2540.231677413402,0.0,True,enumeration,True,2,2
Interval_farrows,9,7,7,PRRS_binary; MYCO_binary; LateralPRRS_binary; Q2; Q4; Avg_parity_farrow; wean_to_service; Gestation_days; Lactation_days,PRRS_binary; MYCO_binary; LateralPRRS_binary; Q2; wean_to_service; Gestation_days; Lactation_days,PRRS_binary; MYCO_binary; LateralPRRS_binary; Q2; wean_to_service; Gestation_days; Lactation_days,12251.868479372892,12251.868479372892,0.0,True,enumeration,True,512,512
Pre_weaning_mortality,0,0,0,,,,4634.879799474723,4634.879799474723,0.0,True,enumeration,True,1,1
PWSow,0,0,0,,,,3718.169762666945,3718.169762666945,0.0,True,enumeration,True,1,1
productive_days_rate,0,0,0,,,,7544.327278772191,7544.327278772191,0.0,True,enumeration,True,1,1
services_per_inventory_N_rate,0,0,0,,,,-3056.5928232674064,-3056.5928232674064,0.0,True,enumeration,True,1,1
repeats__rate,2,1,1,nonproductive_days; productive_days_rate,productive_days_rate,productive_days_rate,7735.121657050794,7735.121657050794,0.0,True,enumeration,True,4,4
gilts_bred_rate,5,4,4,MYCO_binary; Stillborn_avg; services_per_inventory_N_rate; repeats__rate; avg_parity_at_farrow,MYCO_binary; Stillborn_avg; services_per_inventory_N_rate; repeats__rate,MYCO_binary; Stillborn_avg; services_per_inventory_N_rate; repeats__rate,10735.075712969006,10735.075712969006,0.0,True,enumeration,True,32,32
Last_week_wean_bred_rate,6,5,5,Q2; Q3; Q4; wean_to_service; services_per_inventory_N_rate; avg_parity_at_farrow,Q2; Q3; wean_to_service; services_per_inventory_N_rate; avg_parity_at_farrow,Q2; Q3; wean_to_service; services_per_inventory_N_rate; avg_parity_at_farrow,10623.681567119831,10623.681567119831,0.0,True,enumeration,True,64,64
pregnant_105days_rate,0,0,0,,,,8455.12752294611,8455.12752294611,0.0,True,enumeration,True,1,1
Cull_rate_annual,14,8,8,PRRS_binary; MYCO_binary; Q4; Avg_parity_farrow; wean_to_service; abortions_rate; Mummies_avg; Gestation_days; services_per_inventory_N_rate; repeats__rate; gilts_bred_rate; Last_week_wean_bred_rate; pregnant_105days_rate; avg_parity_at_farrow,Avg_parity_farrow; abortions_rate; Gestation_days; services_per_inventory_N_rate; repeats__rate; gilts_bred_rate; Last_week_wean_bred_rate; avg_parity_at_farrow,Avg_parity_farrow; abortions_rate; Gestation_days; services_per_inventory_N_rate; repeats__rate; gilts_bred_rate; Last_week_wean_bred_rate; avg_parity_at_farrow,19287.56798583362,19287.56798583362,0.0,True,enumeration,True,16384,16384
Sow_Death_rate,0,0,0,,,,8696.466872834653,8696.466872834653,0.0,True,enumeration,True,1,1
avg_parity_at_farrow,0,0,0,,,,-1480.3534055680368,-1480.3534055680368,0.0,True,enumeration,True,1,1
Lactation_days,0,0,0,,,,4694.893309916856,4694.893309916856,0.0,True,enumeration,True,1,1
final_inventory,30,12,12,PRRS_binary; MYCO_binary; LateralPRRS_binary; Q2; Q3; Q4; Avg_parity_farrow; number_services; wean_to_service; abortions_rate; Total_born_avg; Stillborn_avg; Mummies_avg; prenatal_losses_avg; Born_alive_avg; Gestation_days; Interval_farrows; Pre_weaning_mortality; PWSow; productive_days_rate; services_per_inventory_N_rate; repeats__rate; gilts_bred_rate; Last_week_wean_bred_rate; pregnant_105days_rate; Sow_Death_rate; avg_parity_at_farrow; Lactation_days; Farrowing__rate; mortality_60days,MYCO_binary; Avg_parity_farrow; number_services; Gestation_days; productive_days_rate; services_per_inventory_N_rate; repeats__rate; gilts_bred_rate; Last_week_wean_bred_rate; Sow_Death_rate; avg_parity_at_farrow; Lactation_days,MYCO_binary; Avg_parity_farrow; number_services; Gestation_days; productive_days_rate; services_per_inventory_N_rate; repeats__rate; gilts_bred_rate; Last_week_wean_bred_rate; Sow_Death_rate; avg_parity_at_farrow; Lactation_days,27239.741614195984,27239.741614195984,0.0,True,branch-and-bound,True,27446,27445
Farrowing__rate,2,1,1,Total_born_avg; Born_alive_avg,Born_alive_avg,Born_alive_avg,9165.875837662705,9165.875837662705,0.0,True,enumeration,True,4,4
HeadIn,32,8,8,PRRS_binary; MYCO_binary; LateralPRRS_binary; Q2; Q3; Q4; Avg_parity_farrow; Litters_female_year; nonproductive_days; number_services; wean_to_service; abortions_rate; Total_born_avg; Stillborn_avg; Mummies_avg; prenatal_losses_avg; Born_alive_avg; Interval_farrows; Pre_weaning_mortality; PWSow; productive_days_rate; services_per_inventory_N_rate; repeats__rate; gilts_bred_rate; Last_week_wean_bred_rate; pregnant_105days_rate; Cull_rate_annual; Sow_Death_rate; avg_parity_at_farrow; Lactation_days; Farrowing__rate; mortality_60days,LateralPRRS_binary; Avg_parity_farrow; number_services; Stillborn_avg; PWSow; services_per_inventory_N_rate; gilts_bred_rate; avg_parity_at_farrow,LateralPRRS_binary; Avg_parity_farrow; number_services; Stillborn_avg; productive_days_rate; services_per_inventory_N_rate; Sow_Death_rate; avg_parity_at_farrow,38270.49006191116,38271.881172263245,1.3911103520877077,False,branch-and-bound,True,1247682,1247681
mortality_60days,4,4,4,PRRS_binary; MYCO_binary; Q3; Stillborn_avg,PRRS_binary; MYCO_binary; Q3; Stillborn_avg,PRRS_binary; MYCO_binary; Q3; Stillborn_avg,7197.861730870087,7197.861730870087,0.0,True,enumeration,True,16,16
